game_date,home_team,away_team,predicted_winner,actual_winner,home_win_prob,away_win_prob,confidence,edge,correct,home_pts,away_pts
2025-11-09,MEM,OKC,OKC,OKC,43.2,56.8,56.8,13.6,True,100,114
2025-11-10,DET,WAS,DET,DET,98.0,2.0,98.0,96.0,True,137,135
2025-11-10,MIA,CLE,MIA,MIA,62.3,37.7,62.3,24.6,True,140,138
2025-11-10,DAL,MIL,MIL,MIL,43.2,56.8,56.8,13.6,True,114,116
2025-11-11,BKN,TOR,TOR,TOR,23.1,76.9,76.9,53.8,True,109,119
2025-11-11,PHI,BOS,BOS,PHI,17.7,82.3,82.3,64.5,False,102,100
2025-11-11,OKC,GSW,OKC,OKC,78.4,21.6,78.4,56.9,True,126,102
2025-11-11,UTA,IND,IND,UTA,17.7,82.3,82.3,64.5,False,152,128
2025-11-12,CHA,MIL,MIL,CHA,23.1,76.9,76.9,53.8,False,111,100
2025-11-12,DET,CHI,CHI,DET,43.2,56.8,56.8,13.6,False,124,113
2025-11-12,NYK,ORL,NYK,ORL,62.3,37.7,62.3,24.6,False,107,124
2025-11-12,BOS,MEM,BOS,BOS,70.0,30.0,70.0,40.0,True,131,95
2025-11-12,MIA,CLE,MIA,CLE,60.3,39.7,60.3,20.6,False,116,130
2025-11-12,NOP,POR,POR,POR,17.7,82.3,82.3,64.5,True,117,125
2025-11-12,SAS,GSW,SAS,GSW,62.3,37.7,62.3,24.6,False,120,125
2025-11-12,DAL,PHX,PHX,PHX,46.7,53.3,53.3,6.7,True,114,123
2025-11-12,OKC,LAL,OKC,OKC,89.0,11.0,89.0,78.0,True,121,92
2025-11-12,SAC,ATL,SAC,ATL,75.4,24.6,75.4,50.9,False,100,133
2025-11-12,LAC,DEN,DEN,DEN,37.5,62.5,62.5,25.0,True,116,130
2025-11-13,CLE,TOR,CLE,TOR,75.4,24.6,75.4,50.9,False,113,126
2025-11-13,PHX,IND,PHX,PHX,62.3,37.7,62.3,24.6,True,133,98
2025-11-13,UTA,ATL,ATL,ATL,17.7,82.3,82.3,64.5,True,122,132
2025-11-14,NYK,MIA,MIA,NYK,43.2,56.8,56.8,13.6,False,140,132
2025-11-14,ORL,BKN,ORL,ORL,98.0,2.0,98.0,96.0,True,105,98
2025-11-14,DET,PHI,DET,DET,69.3,30.7,69.3,38.6,True,114,105
2025-11-14,HOU,POR,HOU,HOU,75.4,24.6,75.4,50.9,True,140,116
2025-11-14,MIL,CHA,MIL,MIL,62.3,37.7,62.3,24.6,True,147,134
2025-11-14,MIN,SAC,MIN,MIN,89.0,11.0,89.0,78.0,True,124,110
2025-11-14,NOP,LAL,LAL,LAL,37.9,62.1,62.1,24.1,True,104,118
2025-11-14,DAL,LAC,LAC,LAC,23.1,76.9,76.9,53.8,True,127,133
2025-11-14,SAS,GSW,SAS,GSW,58.3,41.7,58.3,16.7,False,108,109
2025-11-15,CLE,MEM,CLE,CLE,89.0,11.0,89.0,78.0,True,108,100
2025-11-15,CHA,OKC,OKC,OKC,17.7,82.3,82.3,64.5,True,96,109
2025-11-15,IND,TOR,TOR,TOR,23.1,76.9,76.9,53.8,True,111,129
2025-11-15,MIL,LAL,LAL,LAL,48.4,51.6,51.6,3.2,True,95,119
2025-11-15,MIN,DEN,DEN,DEN,23.1,76.9,76.9,53.8,True,112,123
2025-11-16,BOS,LAC,BOS,BOS,79.5,20.5,79.5,59.0,True,121,118
2025-11-16,SAS,SAC,SAS,SAS,75.4,24.6,75.4,50.9,True,123,110
2025-11-16,WAS,BKN,WAS,BKN,89.0,11.0,89.0,78.0,False,106,129
2025-11-16,HOU,ORL,HOU,HOU,69.3,30.7,69.3,38.6,True,117,113
2025-11-16,NOP,GSW,GSW,GSW,23.1,76.9,76.9,53.8,True,106,124
2025-11-16,DAL,POR,POR,DAL,21.1,78.9,78.9,57.9,False,138,133
2025-11-16,PHX,ATL,ATL,ATL,23.1,76.9,76.9,53.8,True,122,124
2025-11-16,UTA,CHI,CHI,UTA,17.7,82.3,82.3,64.5,False,150,147
2025-11-17,CLE,MIL,CLE,CLE,79.5,20.5,79.5,59.0,True,118,106
2025-11-17,DET,IND,DET,DET,89.0,11.0,89.0,78.0,True,127,112
2025-11-17,PHI,LAC,LAC,PHI,23.1,76.9,76.9,53.8,False,110,108
2025-11-17,MIA,NYK,MIA,MIA,62.3,37.7,62.3,24.6,True,115,113
2025-11-17,TOR,CHA,TOR,TOR,79.5,20.5,79.5,59.0,True,110,108
2025-11-17,MIN,DAL,MIN,MIN,89.0,11.0,89.0,78.0,True,120,96
2025-11-17,NOP,OKC,OKC,OKC,15.9,84.1,84.1,68.2,True,109,126
2025-11-17,DEN,CHI,DEN,CHI,82.4,17.6,82.4,64.7,False,127,130
2025-11-18,ORL,GSW,ORL,ORL,65.7,34.3,65.7,31.4,True,121,113
2025-11-18,BKN,BOS,BOS,BOS,18.3,81.7,81.7,63.5,True,99,113
2025-11-18,ATL,DET,ATL,DET,57.7,42.3,57.7,15.5,False,112,120
2025-11-18,SAS,MEM,SAS,SAS,87.4,12.6,87.4,74.9,True,111,101
2025-11-18,LAL,UTA,LAL,LAL,87.4,12.6,87.4,74.9,True,140,126
2025-11-18,POR,PHX,POR,PHX,77.4,22.6,77.4,54.8,False,110,127
2025-11-19,CLE,HOU,CLE,HOU,53.1,46.9,53.1,6.2,False,104,114
2025-11-19,IND,CHA,IND,IND,57.7,42.3,57.7,15.5,True,127,118
2025-11-19,MIA,GSW,MIA,MIA,65.7,34.3,65.7,31.4,True,110,96
2025-11-19,PHI,TOR,TOR,TOR,18.3,81.7,81.7,63.5,True,112,121
2025-11-19,MIN,WAS,MIN,MIN,98.0,2.0,98.0,96.0,True,120,109
2025-11-19,NOP,DEN,DEN,DEN,15.9,84.1,84.1,68.2,True,118,125
2025-11-19,OKC,SAC,OKC,OKC,87.4,12.6,87.4,74.9,True,113,99
2025-11-19,DAL,NYK,NYK,NYK,15.9,84.1,84.1,68.2,True,111,113
2025-11-19,POR,CHI,POR,CHI,65.7,34.3,65.7,31.4,False,121,122
2025-11-20,ORL,LAC,ORL,ORL,77.4,22.6,77.4,54.8,True,129,101
2025-11-20,MEM,SAC,MEM,MEM,60.8,39.2,60.8,21.7,True,137,96
2025-11-20,MIL,PHI,MIL,PHI,53.5,46.5,53.5,6.9,False,114,123
2025-11-20,SAS,ATL,SAS,SAS,55.4,44.6,55.4,10.9,True,135,126
2025-11-21,CLE,IND,CLE,CLE,87.4,12.6,87.4,74.9,True,120,109
2025-11-21,BOS,BKN,BOS,BKN,87.4,12.6,87.4,74.9,False,105,113
2025-11-21,TOR,WAS,TOR,TOR,98.0,2.0,98.0,96.0,True,140,110
2025-11-21,CHI,MIA,CHI,MIA,65.7,34.3,65.7,31.4,False,107,143
2025-11-21,DAL,NOP,DAL,DAL,77.4,22.6,77.4,54.8,True,118,115
2025-11-21,PHX,MIN,MIN,PHX,27.6,72.4,72.4,44.9,False,114,113
2025-11-21,HOU,DEN,HOU,DEN,60.8,39.2,60.8,21.7,False,109,112
2025-11-21,UTA,OKC,OKC,OKC,15.9,84.1,84.1,68.2,True,112,144
2025-11-21,GSW,POR,GSW,POR,65.7,34.3,65.7,31.4,False,123,127
2025-11-22,CHA,LAC,LAC,LAC,27.6,72.4,72.4,44.9,True,116,131
2025-11-22,ORL,NYK,NYK,ORL,44.3,55.7,55.7,11.4,False,133,121
2025-11-22,NOP,ATL,ATL,ATL,27.6,72.4,72.4,44.9,True,98,115
2025-11-22,CHI,WAS,CHI,CHI,90.7,9.3,90.7,81.3,True,121,120
2025-11-22,MIL,DET,DET,DET,39.3,60.7,60.7,21.3,True,116,129
2025-11-22,DAL,MEM,MEM,MEM,44.3,55.7,55.7,11.4,True,96,102
2025-11-22,DEN,SAC,DEN,SAC,87.4,12.6,87.4,74.9,False,123,128
2025-11-23,PHI,MIA,MIA,MIA,15.9,84.1,84.1,68.2,True,117,127
2025-11-23,ATL,CHA,ATL,ATL,77.4,22.6,77.4,54.8,True,113,110
2025-11-23,BOS,ORL,ORL,BOS,18.3,81.7,81.7,63.5,False,138,129
2025-11-23,CLE,LAC,CLE,CLE,77.4,22.6,77.4,54.8,True,120,105
2025-11-23,TOR,BKN,TOR,TOR,82.4,17.6,82.4,64.7,True,119,109
2025-11-23,OKC,POR,OKC,OKC,87.4,12.6,87.4,74.9,True,122,95
2025-11-23,PHX,SAS,SAS,PHX,39.3,60.7,60.7,21.3,False,111,102
2025-11-23,UTA,LAL,LAL,LAL,44.3,55.7,55.7,11.4,True,106,108
2025-11-24,IND,DET,IND,DET,65.7,34.3,65.7,31.4,False,117,122
2025-11-24,TOR,CLE,CLE,TOR,15.9,84.1,84.1,68.2,False,110,99
2025-11-24,BKN,NYK,NYK,NYK,44.3,55.7,55.7,11.4,True,100,113
2025-11-24,MIA,DAL,MIA,MIA,87.4,12.6,87.4,74.9,True,106,102
2025-11-24,MEM,DEN,MEM,DEN,65.7,34.3,65.7,31.4,False,115,125
2025-11-24,MIL,POR,POR,POR,47.7,52.3,52.3,4.6,True,103,115
2025-11-24,NOP,CHI,CHI,NOP,49.3,50.7,50.7,1.4,False,143,130
2025-11-24,PHX,HOU,HOU,HOU,16.1,83.9,83.9,67.7,True,92,114
2025-11-24,GSW,UTA,GSW,GSW,86.3,13.7,86.3,72.6,True,134,117
2025-11-24,SAC,MIN,SAC,SAC,65.1,34.9,65.1,30.2,True,117,112
2025-11-25,WAS,ATL,ATL,WAS,39.7,60.3,60.3,20.6,False,132,113
2025-11-25,PHI,ORL,ORL,ORL,16.1,83.9,83.9,67.7,True,103,144
2025-11-25,LAL,LAC,LAL,LAL,56.9,43.1,56.9,13.7,True,135,118
2025-11-26,BOS,DET,BOS,BOS,56.9,43.1,56.9,13.7,True,117,114
2025-11-26,CHA,NYK,NYK,NYK,16.1,83.9,83.9,67.7,True,101,129
2025-11-26,MIA,MIL,MIA,MIA,81.2,18.8,81.2,62.3,True,106,103
2025-11-26,TOR,IND,IND,TOR,49.3,50.7,50.7,1.4,False,97,95
2025-11-26,OKC,MIN,OKC,OKC,71.2,28.8,71.2,42.4,True,113,105
2025-11-26,NOP,MEM,MEM,MEM,39.7,60.3,60.3,20.6,True,128,133
2025-11-26,GSW,HOU,HOU,HOU,27.6,72.4,72.4,44.8,True,100,104
2025-11-26,POR,SAS,POR,SAS,65.1,34.9,65.1,30.2,False,102,115
2025-11-26,SAC,PHX,SAC,PHX,81.2,18.8,81.2,62.3,False,100,112
2025-11-28,ATL,CLE,CLE,ATL,20.9,79.1,79.1,58.1,False,130,123
2025-11-28,BKN,PHI,BKN,PHI,72.9,27.1,72.9,45.9,False,103,115
2025-11-28,CHA,CHI,CHI,CHA,27.6,72.4,72.4,44.8,False,123,116
2025-11-28,DET,ORL,ORL,ORL,27.6,72.4,72.4,44.8,True,109,112
2025-11-28,IND,WAS,IND,IND,81.2,18.8,81.2,62.3,True,119,86
2025-11-28,NYK,MIL,NYK,NYK,65.1,34.9,65.1,30.2,True,118,109
2025-11-28,OKC,PHX,OKC,OKC,86.3,13.7,86.3,72.6,True,123,119
2025-11-28,DEN,SAS,DEN,SAS,65.1,34.9,65.1,30.2,False,136,139
2025-11-28,UTA,SAC,SAC,UTA,33.3,66.7,66.7,33.3,False,128,119
2025-11-28,LAL,DAL,LAL,LAL,81.2,18.8,81.2,62.3,True,129,119
2025-11-28,LAC,MEM,LAC,MEM,65.1,34.9,65.1,30.2,False,107,112
2025-11-29,MIN,BOS,BOS,MIN,47.7,52.3,52.3,4.6,False,119,115
2025-11-29,CHA,TOR,TOR,CHA,27.6,72.4,72.4,44.8,False,118,111
2025-11-29,IND,CHI,IND,IND,52.4,47.6,52.4,4.8,True,103,101
2025-11-29,MIA,DET,MIA,DET,65.1,34.9,65.1,30.2,False,135,138
2025-11-29,MIL,BKN,MIL,MIL,71.2,28.8,71.2,42.4,True,116,99
2025-11-29,GSW,NOP,GSW,GSW,81.2,18.8,81.2,62.3,True,104,96
2025-11-29,PHX,DEN,DEN,DEN,49.3,50.7,50.7,1.4,True,112,130
2025-11-29,LAC,DAL,LAC,DAL,72.9,27.1,72.9,45.9,False,110,114
2025-11-30,UTA,HOU,HOU,HOU,16.1,83.9,83.9,67.7,True,101,129
2025-11-30,CLE,BOS,CLE,BOS,65.1,34.9,65.1,30.2,False,115,117
2025-11-30,NYK,TOR,NYK,NYK,52.4,47.6,52.4,4.8,True,116,94
2025-11-30,PHI,ATL,ATL,ATL,27.6,72.4,72.4,44.8,True,134,142
2025-11-30,POR,OKC,OKC,OKC,39.7,60.3,60.3,20.6,True,115,123
2025-11-30,MIN,SAS,MIN,MIN,56.9,43.1,56.9,13.7,True,125,112
2025-11-30,SAC,MEM,SAC,MEM,81.2,18.8,81.2,62.3,False,107,115
2025-11-30,LAL,NOP,LAL,LAL,81.2,18.8,81.2,62.3,True,133,121
2025-12-01,DET,ATL,DET,DET,71.2,28.8,71.2,42.4,True,99,98
2025-12-01,IND,CLE,CLE,CLE,24.4,75.6,75.6,51.1,True,119,135
2025-12-01,WAS,MIL,MIL,WAS,47.7,52.3,52.3,4.6,False,129,126
2025-12-01,BKN,CHA,CHA,BKN,47.7,52.3,52.3,4.6,False,116,103
2025-12-01,MIA,LAC,MIA,MIA,65.1,34.9,65.1,30.2,True,140,123
2025-12-01,ORL,CHI,ORL,ORL,81.2,18.8,81.2,62.3,True,125,120
2025-12-01,DEN,DAL,DEN,DAL,84.6,15.4,84.6,69.2,False,121,131
2025-12-01,UTA,HOU,HOU,UTA,16.7,83.3,83.3,66.7,False,133,125
2025-12-01,LAL,PHX,LAL,PHX,58.7,41.3,58.7,17.3,False,108,125
2025-12-02,PHI,WAS,PHI,PHI,66.7,33.3,66.7,33.3,True,121,102
2025-12-02,TOR,POR,POR,TOR,34.5,65.5,65.5,31.0,False,121,118
2025-12-02,BOS,NYK,NYK,BOS,24.2,75.8,75.8,51.6,False,123,117
2025-12-02,NOP,MIN,MIN,MIN,21.1,78.9,78.9,57.9,True,142,149
2025-12-02,SAS,MEM,SAS,SAS,62.1,37.9,62.1,24.3,True,126,119
2025-12-02,GSW,OKC,OKC,OKC,24.2,75.8,75.8,51.6,True,112,124
2025-12-03,CLE,POR,CLE,POR,65.3,34.7,65.3,30.5,False,110,122
2025-12-03,IND,DEN,DEN,DEN,30.4,69.6,69.6,39.1,True,120,135
2025-12-03,ORL,SAS,ORL,SAS,71.4,28.6,71.4,42.9,False,112,114
2025-12-03,ATL,LAC,LAC,LAC,48.2,51.8,51.8,3.7,True,92,115
2025-12-03,NYK,CHA,NYK,NYK,70.6,29.4,70.6,41.2,True,119,104
2025-12-03,CHI,BKN,CHI,BKN,70.4,29.6,70.4,40.7,False,103,113
2025-12-03,HOU,SAC,HOU,HOU,84.6,15.4,84.6,69.2,True,121,95
2025-12-03,MIL,DET,DET,MIL,48.2,51.8,51.8,3.7,False,113,109
2025-12-03,DAL,MIA,MIA,DAL,23.1,76.9,76.9,53.8,False,118,108
2025-12-04,PHI,GSW,GSW,PHI,30.4,69.6,69.6,39.1,False,99,98
2025-12-04,WAS,BOS,BOS,BOS,18.2,81.8,81.8,63.6,True,101,146
2025-12-04,BKN,UTA,BKN,UTA,51.9,48.1,51.9,3.9,False,110,123
2025-12-04,TOR,LAL,LAL,LAL,44.3,55.7,55.7,11.4,True,120,123
2025-12-04,NOP,MIN,MIN,MIN,24.2,75.8,75.8,51.6,True,116,125
2025-12-05,BOS,LAL,BOS,BOS,70.4,29.6,70.4,40.7,True,126,105
2025-12-05,ORL,MIA,ORL,ORL,58.7,41.3,58.7,17.3,True,106,105
2025-12-05,ATL,DEN,DEN,DEN,24.2,75.8,75.8,51.6,True,133,134
2025-12-05,CLE,SAS,CLE,CLE,62.1,37.9,62.1,24.3,True,130,117
2025-12-05,DET,POR,DET,DET,51.9,48.1,51.9,3.9,True,122,116
2025-12-05,NYK,UTA,NYK,NYK,84.6,15.4,84.6,69.2,True,146,112
2025-12-05,TOR,CHA,TOR,CHA,51.9,48.1,51.9,3.9,False,86,111
2025-12-05,CHI,IND,IND,IND,30.4,69.6,69.6,39.1,True,105,120
2025-12-05,HOU,PHX,HOU,HOU,71.4,28.6,71.4,42.9,True,117,98
2025-12-05,MEM,LAC,LAC,MEM,48.2,51.8,51.8,3.7,False,107,98
2025-12-05,MIL,PHI,MIL,PHI,65.3,34.7,65.3,30.5,False,101,116
2025-12-05,OKC,DAL,OKC,OKC,84.6,15.4,84.6,69.2,True,132,111
2025-12-06,BKN,NOP,NOP,BKN,34.5,65.5,65.5,31.0,False,119,101
2025-12-06,WAS,ATL,ATL,ATL,24.2,75.8,75.8,51.6,True,116,131
2025-12-06,CLE,GSW,CLE,GSW,65.3,34.7,65.3,30.5,False,94,99
2025-12-06,DET,MIL,DET,DET,70.6,29.4,70.6,41.2,True,124,112
2025-12-06,MIA,SAC,MIA,SAC,84.6,15.4,84.6,69.2,False,111,127
2025-12-06,MIN,LAC,MIN,MIN,51.9,48.1,51.9,3.9,True,109,106
2025-12-06,DAL,HOU,HOU,DAL,21.1,78.9,78.9,57.9,False,122,109
2025-12-07,NYK,ORL,NYK,NYK,51.9,48.1,51.9,3.9,True,106,100
2025-12-07,TOR,BOS,BOS,BOS,16.7,83.3,83.3,66.7,True,113,121
2025-12-07,CHA,DEN,DEN,DEN,24.2,75.8,75.8,51.6,True,106,115
2025-12-07,MEM,POR,MEM,MEM,51.9,48.1,51.9,3.9,True,119,96
2025-12-07,CHI,GSW,GSW,GSW,24.2,75.8,75.8,51.6,True,91,123
2025-12-07,PHI,LAL,LAL,LAL,34.5,65.5,65.5,31.0,True,108,112
2025-12-07,UTA,OKC,OKC,OKC,18.2,81.8,81.8,63.6,True,101,131
2025-12-08,IND,SAC,IND,IND,51.9,48.1,51.9,3.9,True,116,105
2025-12-08,MIN,PHX,MIN,PHX,69.0,31.0,69.0,38.1,False,105,108
2025-12-08,NOP,SAS,SAS,SAS,28.0,72.0,72.0,44.1,True,132,135
2025-12-09,ORL,MIA,MIA,ORL,45.5,54.5,54.5,9.0,False,117,108
2025-12-09,TOR,NYK,NYK,NYK,20.8,79.2,79.2,58.5,True,101,117
2025-12-10,OKC,PHX,OKC,OKC,83.7,16.3,83.7,67.4,True,138,89
2025-12-10,LAL,SAS,LAL,SAS,56.0,44.0,56.0,12.1,False,119,132
2025-12-11,HOU,LAC,HOU,HOU,69.0,31.0,69.0,38.1,True,115,113
2025-12-11,MIL,BOS,BOS,MIL,20.8,79.2,79.2,58.5,False,116,101
2025-12-11,NOP,POR,POR,NOP,45.5,54.5,54.5,9.0,False,143,120
2025-12-11,SAC,DEN,DEN,DEN,20.8,79.2,79.2,58.5,True,105,136
2025-12-12,CHA,CHI,CHI,CHI,47.2,52.8,52.8,5.6,True,126,129
2025-12-12,DET,ATL,DET,DET,78.6,21.4,78.6,57.1,True,142,115
2025-12-12,PHI,IND,IND,PHI,43.9,56.1,56.1,12.2,False,115,105
2025-12-12,WAS,CLE,CLE,CLE,12.2,87.8,87.8,75.6,True,126,130
2025-12-12,MEM,UTA,MEM,UTA,83.7,16.3,83.7,67.4,False,126,130
2025-12-12,DAL,BKN,DAL,DAL,83.7,16.3,83.7,67.4,True,119,111
2025-12-12,GSW,MIN,GSW,MIN,59.4,40.6,59.4,18.7,False,120,127
2025-12-14,IND,WAS,IND,WAS,78.6,21.4,78.6,57.1,False,89,108
2025-12-14,ATL,PHI,ATL,ATL,51.6,48.4,51.6,3.3,True,120,117
2025-12-14,CLE,CHA,CLE,CHA,69.0,31.0,69.0,38.1,False,111,119
2025-12-14,BKN,MIL,MIL,BKN,25.4,74.6,74.6,49.1,False,127,82
2025-12-14,MIN,SAC,MIN,MIN,56.0,44.0,56.0,12.1,True,117,103
2025-12-14,POR,GSW,GSW,POR,28.0,72.0,72.0,44.1,False,136,131
2025-12-14,CHI,NOP,NOP,NOP,43.9,56.1,56.1,12.2,True,104,114
2025-12-14,PHX,LAL,PHX,LAL,56.0,44.0,56.0,12.1,False,114,116
2025-12-15,BOS,DET,BOS,DET,59.4,40.6,59.4,18.8,False,105,112
2025-12-15,UTA,DAL,DAL,UTA,38.0,62.0,62.0,24.1,False,140,133
2025-12-15,DEN,HOU,HOU,DEN,47.2,52.8,52.8,5.6,False,128,125
2025-12-15,LAC,MEM,LAC,MEM,65.8,34.2,65.8,31.6,False,103,121
2025-12-15,MIA,TOR,MIA,TOR,69.0,31.0,69.0,38.1,False,96,106
2025-12-17,CHI,CLE,CLE,CHI,25.4,74.6,74.6,49.1,False,127,111
2025-12-17,MIN,MEM,MIN,MEM,56.0,44.0,56.0,12.1,False,110,116
2025-12-18,OKC,LAC,OKC,OKC,69.0,31.0,69.0,38.1,True,122,101
2025-12-18,SAS,WAS,SAS,SAS,85.8,14.2,85.8,71.7,True,119,94
2025-12-18,CHA,ATL,CHA,CHA,56.0,44.0,56.0,12.1,True,133,126
2025-12-18,IND,NYK,NYK,NYK,12.2,87.8,87.8,75.6,True,113,114
2025-12-18,BKN,MIA,MIA,MIA,25.4,74.6,74.6,49.1,True,95,106
2025-12-18,MIL,TOR,MIL,TOR,63.8,36.2,63.8,27.6,False,105,111
2025-12-18,NOP,HOU,HOU,NOP,25.4,74.6,74.6,49.1,False,133,128
2025-12-18,DAL,DET,DET,DAL,43.9,56.1,56.1,12.2,False,116,114
2025-12-18,DEN,ORL,ORL,DEN,47.2,52.8,52.8,5.6,False,126,115
2025-12-18,PHX,GSW,GSW,PHX,45.5,54.5,54.5,9.0,False,99,98
2025-12-18,UTA,LAL,UTA,LAL,51.6,48.4,51.6,3.3,False,135,143
2025-12-18,POR,SAC,POR,POR,63.8,36.2,63.8,27.6,True,134,133
2025-12-19,BOS,MIA,MIA,BOS,45.5,54.5,54.5,9.0,False,129,116
2025-12-19,NYK,PHI,NYK,PHI,78.6,21.4,78.6,57.1,False,107,116
2025-12-19,ATL,SAS,SAS,SAS,43.9,56.1,56.1,12.1,True,98,126
2025-12-19,CLE,CHI,CLE,CHI,69.0,31.0,69.0,38.1,False,125,136
2025-12-19,MIN,OKC,OKC,MIN,12.2,87.8,87.8,75.6,False,112,107
2025-12-20,DEN,HOU,DEN,HOU,51.6,48.4,51.6,3.3,False,101,115
2025-12-20,PHI,DAL,DAL,PHI,45.1,54.9,54.9,9.8,False,121,114
2025-12-20,TOR,BOS,BOS,BOS,22.4,77.6,77.6,55.1,True,96,112
2025-12-20,NOP,IND,NOP,NOP,54.4,45.6,54.4,8.9,True,128,109
2025-12-20,DET,CHA,DET,DET,64.3,35.7,64.3,28.6,True,112,86
2025-12-20,MEM,WAS,MEM,WAS,82.8,17.2,82.8,65.6,False,122,130
2025-12-20,GSW,PHX,GSW,GSW,64.3,35.7,64.3,28.6,True,119,116
2025-12-20,UTA,ORL,ORL,ORL,22.4,77.6,77.6,55.1,True,127,128
2025-12-20,SAC,POR,SAC,POR,60.9,39.1,60.9,21.7,False,93,98
2025-12-20,LAC,LAL,LAC,LAC,72.4,27.6,72.4,44.7,True,103,88
2025-12-21,ATL,CHI,CHI,CHI,46.3,53.7,53.7,7.5,True,150,152
2025-12-21,BKN,TOR,BKN,BKN,54.4,45.6,54.4,8.9,True,96,81
2025-12-21,NYK,MIA,NYK,NYK,54.4,45.6,54.4,8.9,True,132,125
2025-12-21,WAS,SAS,SAS,SAS,20.8,79.2,79.2,58.5,True,113,124
2025-12-21,MIN,MIL,MIN,MIN,61.9,38.1,61.9,23.8,True,103,100
2025-12-21,SAC,HOU,HOU,SAC,22.4,77.6,77.6,55.1,False,125,124
2025-12-22,CLE,CHA,CLE,CLE,60.9,39.1,60.9,21.7,True,139,132
2025-12-22,BOS,IND,BOS,BOS,77.8,22.2,77.8,55.6,True,103,95
2025-12-22,NOP,DAL,DAL,NOP,46.3,53.7,53.7,7.5,False,119,113
2025-12-22,DEN,UTA,DEN,DEN,77.8,22.2,77.8,55.6,True,135,112
2025-12-22,OKC,MEM,OKC,OKC,77.8,22.2,77.8,55.6,True,119,103
2025-12-22,GSW,ORL,ORL,GSW,46.3,53.7,53.7,7.5,False,120,97
2025-12-22,POR,DET,DET,DET,22.4,77.6,77.6,55.1,True,102,110
2025-12-23,CHA,WAS,CHA,CHA,61.9,38.1,61.9,23.8,True,126,109
2025-12-23,PHI,BKN,BKN,BKN,46.3,53.7,53.7,7.5,True,106,114
2025-12-23,ATL,CHI,ATL,CHI,60.9,39.1,60.9,21.7,False,123,126
2025-12-23,CLE,NOP,NOP,CLE,46.3,53.7,53.7,7.5,False,141,118
2025-12-23,IND,MIL,MIL,MIL,45.1,54.9,54.9,9.8,True,94,111
2025-12-23,MIA,TOR,MIA,TOR,79.2,20.8,79.2,58.3,False,91,112
2025-12-23,DAL,DEN,DEN,DAL,20.8,79.2,79.2,58.5,False,131,130
2025-12-23,MIN,NYK,NYK,MIN,45.1,54.9,54.9,9.8,False,115,104
2025-12-23,SAS,OKC,OKC,SAS,20.8,79.2,79.2,58.5,False,130,110
2025-12-23,PHX,LAL,PHX,PHX,61.9,38.1,61.9,23.8,True,132,108
2025-12-23,UTA,MEM,MEM,MEM,46.3,53.7,53.7,7.5,True,128,137
2025-12-23,POR,ORL,ORL,ORL,46.3,53.7,53.7,7.5,True,106,110
2025-12-23,SAC,DET,DET,DET,20.8,79.2,79.2,58.5,True,127,136
2025-12-23,LAC,HOU,HOU,LAC,45.1,54.9,54.9,9.8,False,128,108
2025-12-25,NYK,CLE,CLE,NYK,45.1,54.9,54.9,9.8,False,126,124
2025-12-25,OKC,SAS,OKC,SAS,77.8,22.2,77.8,55.6,False,102,117
2025-12-25,GSW,DAL,GSW,GSW,72.4,27.6,72.4,44.7,True,126,116
2025-12-25,LAL,HOU,HOU,HOU,22.4,77.6,77.6,55.1,True,96,119
2025-12-25,DEN,MIN,DEN,DEN,61.9,38.1,61.9,23.8,True,142,138
2025-12-26,ATL,MIA,MIA,MIA,45.1,54.9,54.9,9.8,True,111,126
2025-12-26,ORL,CHA,ORL,CHA,72.4,27.6,72.4,44.7,False,105,120
2025-12-26,WAS,TOR,TOR,WAS,31.2,68.8,68.8,37.7,False,138,117
2025-12-26,IND,BOS,BOS,BOS,20.8,79.2,79.2,58.5,True,122,140
2025-12-26,CHI,PHI,PHI,CHI,46.3,53.7,53.7,7.5,False,109,102
2025-12-26,MEM,MIL,MEM,MEM,63.2,36.8,63.2,26.5,True,125,104
2025-12-26,NOP,PHX,PHX,PHX,46.3,53.7,53.7,7.5,True,108,115
2025-12-26,UTA,DET,DET,UTA,20.8,79.2,79.2,58.5,False,131,129
2025-12-26,POR,LAC,LAC,LAC,45.1,54.9,54.9,9.8,True,103,119
2025-12-27,SAC,DAL,DAL,SAC,36.1,63.9,63.9,27.9,False,113,107
2025-12-27,ORL,DEN,DEN,ORL,25.0,75.0,75.0,50.0,False,127,126
2025-12-27,NOP,PHX,PHX,PHX,36.1,63.9,63.9,27.9,True,114,123
2025-12-27,ATL,NYK,NYK,NYK,25.0,75.0,75.0,50.0,True,125,128
2025-12-27,MIA,IND,MIA,MIA,70.0,30.0,70.0,40.0,True,142,116
2025-12-27,CHI,MIL,CHI,MIL,60.6,39.4,60.6,21.2,False,103,112
2025-12-27,HOU,CLE,HOU,HOU,70.0,30.0,70.0,40.0,True,117,100
2025-12-27,MIN,BKN,MIN,BKN,60.6,39.4,60.6,21.2,False,107,123
2025-12-27,SAS,UTA,SAS,UTA,85.1,14.9,85.1,70.2,False,114,127
2025-12-28,TOR,GSW,GSW,TOR,25.0,75.0,75.0,50.0,False,141,127
2025-12-28,OKC,PHI,OKC,OKC,85.1,14.9,85.1,70.2,True,129,104
2025-12-28,WAS,MEM,MEM,WAS,29.7,70.3,70.3,40.5,False,116,112
2025-12-28,POR,BOS,BOS,POR,13.6,86.4,86.4,72.9,False,114,108
2025-12-28,LAC,DET,DET,LAC,49.7,50.3,50.3,0.6,False,112,99
2025-12-28,LAL,SAC,LAL,LAL,53.6,46.4,53.6,7.2,True,125,101
2025-12-29,CHA,MIL,CHA,MIL,60.6,39.4,60.6,21.2,False,113,123
2025-12-29,WAS,PHX,PHX,PHX,13.6,86.4,86.4,72.9,True,101,115
2025-12-29,BKN,GSW,GSW,GSW,31.6,68.4,68.4,36.8,True,107,120
2025-12-29,MIA,DEN,DEN,MIA,30.9,69.1,69.1,38.1,False,147,123
2025-12-29,TOR,ORL,ORL,TOR,33.1,66.9,66.9,33.9,False,107,106
2025-12-29,CHI,MIN,MIN,MIN,30.0,70.0,70.0,40.0,True,101,136
2025-12-29,HOU,IND,HOU,HOU,85.1,14.9,85.1,70.2,True,126,119
2025-12-29,NOP,NYK,NYK,NYK,25.0,75.0,75.0,50.0,True,125,130
2025-12-29,OKC,ATL,OKC,OKC,78.9,21.1,78.9,57.7,True,140,129
2025-12-29,SAS,CLE,SAS,CLE,70.0,30.0,70.0,40.0,False,101,113
2025-12-29,POR,DAL,DAL,POR,33.1,66.9,66.9,33.9,False,125,122
2025-12-30,MEM,PHI,MEM,PHI,78.9,21.1,78.9,57.7,False,136,139
2025-12-30,UTA,BOS,BOS,BOS,13.6,86.4,86.4,72.9,True,119,129
2025-12-30,LAL,DET,DET,DET,25.0,75.0,75.0,50.0,True,106,128
2025-12-30,LAC,SAC,LAC,LAC,85.1,14.9,85.1,70.2,True,131,90
2025-12-31,CHA,GSW,GSW,GSW,25.0,75.0,75.0,50.0,True,125,132
2025-12-31,ATL,MIN,MIN,ATL,25.0,75.0,75.0,50.0,False,126,102
2025-12-31,IND,ORL,ORL,ORL,33.1,66.9,66.9,33.9,True,110,112
2025-12-31,CLE,PHX,CLE,CLE,53.6,46.4,53.6,7.2,True,129,113
2025-12-31,CHI,NOP,NOP,CHI,30.9,69.1,69.1,38.1,False,134,118
2025-12-31,SAS,NYK,SAS,SAS,60.6,39.4,60.6,21.2,True,134,132
2025-12-31,TOR,DEN,DEN,DEN,20.5,79.5,79.5,59.0,True,103,106
2025-12-31,MIL,WAS,MIL,WAS,70.0,30.0,70.0,40.0,False,113,114
2025-12-31,OKC,POR,OKC,OKC,85.1,14.9,85.1,70.2,True,124,95
2026-01-01,BKN,HOU,HOU,HOU,30.0,70.0,70.0,40.0,True,96,120
2026-01-01,DET,MIA,MIA,MIA,49.7,50.3,50.3,0.6,True,112,118
2026-01-01,DAL,PHI,DAL,PHI,75.4,24.6,75.4,50.9,False,108,123
2026-01-01,SAC,BOS,BOS,BOS,13.6,86.4,86.4,72.9,True,106,120
2026-01-01,LAC,UTA,LAC,LAC,85.1,14.9,85.1,70.2,True,118,101
2026-01-02,IND,SAS,SAS,SAS,33.1,66.9,66.9,33.9,True,113,123
2026-01-02,WAS,BKN,BKN,WAS,33.1,66.9,66.9,33.9,False,119,99
2026-01-02,CLE,DEN,DEN,CLE,46.4,53.6,53.6,7.2,False,113,108
2026-01-02,NYK,ATL,NYK,ATL,60.6,39.4,60.6,21.2,False,99,111
2026-01-02,CHI,ORL,ORL,CHI,30.9,69.1,69.1,38.1,False,121,114
2026-01-02,MIL,CHA,MIL,MIL,60.6,39.4,60.6,21.2,True,122,121
2026-01-02,NOP,POR,NOP,POR,64.7,35.3,64.7,29.5,False,109,122
2026-01-02,PHX,SAC,PHX,PHX,64.7,35.3,64.7,29.5,True,129,102
2026-01-02,GSW,OKC,OKC,OKC,26.6,73.4,73.4,46.9,True,94,131
2026-01-02,LAL,MEM,LAL,LAL,53.0,47.0,53.0,6.0,True,128,121
2026-01-03,MIA,MIN,MIA,MIN,61.9,38.1,61.9,23.8,False,115,125
2026-01-03,NYK,PHI,NYK,PHI,74.8,25.2,74.8,49.5,False,119,130
2026-01-03,TOR,ATL,TOR,TOR,53.0,47.0,53.0,6.0,True,134,117
2026-01-03,CHI,CHA,CHA,CHA,31.0,69.0,69.0,38.0,True,99,112
2026-01-03,SAS,POR,SAS,POR,74.8,25.2,74.8,49.5,False,110,115
2026-01-03,DAL,HOU,HOU,DAL,14.9,85.1,85.1,70.1,False,110,104
2026-01-03,GSW,UTA,GSW,GSW,74.8,25.2,74.8,49.5,True,123,114
2026-01-03,LAC,BOS,LAC,BOS,61.9,38.1,61.9,23.8,False,115,146
2026-01-04,CLE,DET,DET,DET,31.0,69.0,69.0,38.0,True,110,114
2026-01-04,ORL,IND,ORL,ORL,61.9,38.1,61.9,23.8,True,135,127
2026-01-04,BKN,DEN,DEN,BKN,14.9,85.1,85.1,70.1,False,127,115
2026-01-04,MIA,NOP,MIA,MIA,75.3,24.7,75.3,50.6,True,125,106
2026-01-04,WAS,MIN,MIN,MIN,14.9,85.1,85.1,70.1,True,115,141
2026-01-04,PHX,OKC,OKC,PHX,26.6,73.4,73.4,46.9,False,108,105
2026-01-04,SAC,MIL,MIL,MIL,26.6,73.4,73.4,46.9,True,98,115
2026-01-04,LAL,MEM,LAL,LAL,57.7,42.3,57.7,15.4,True,120,114
2026-01-05,DET,NYK,DET,DET,74.8,25.2,74.8,49.5,True,121,90
2026-01-05,BOS,CHI,BOS,BOS,86.3,13.7,86.3,72.6,True,115,101
2026-01-05,TOR,ATL,TOR,TOR,53.0,47.0,53.0,6.0,True,118,100
2026-01-05,HOU,PHX,HOU,HOU,64.7,35.3,64.7,29.5,True,100,97
2026-01-05,OKC,CHA,OKC,CHA,86.3,13.7,86.3,72.6,False,97,124
2026-01-05,PHI,DEN,DEN,DEN,31.0,69.0,69.0,38.0,True,124,125
2026-01-05,LAC,GSW,LAC,LAC,64.7,35.3,64.7,29.5,True,103,102
2026-01-05,POR,UTA,POR,POR,64.7,35.3,64.7,29.5,True,137,117
2026-01-06,IND,CLE,CLE,CLE,37.5,62.5,62.5,25.0,True,116,120
2026-01-06,WAS,ORL,ORL,WAS,25.9,74.1,74.1,48.3,False,120,112
2026-01-06,MEM,SAS,MEM,MEM,53.0,47.0,53.0,6.0,True,106,105
2026-01-06,MIN,MIA,MIA,MIN,37.5,62.5,62.5,25.0,False,122,94
2026-01-06,NOP,LAL,NOP,LAL,57.7,42.3,57.7,15.4,False,103,111
2026-01-06,SAC,DAL,DAL,DAL,26.7,73.3,73.3,46.7,True,98,100
2026-01-07,CHA,TOR,CHA,TOR,57.7,42.3,57.7,15.4,False,96,97
2026-01-07,DET,CHI,DET,DET,86.3,13.7,86.3,72.6,True,108,93
2026-01-07,PHI,WAS,PHI,PHI,75.1,24.9,75.1,50.2,True,131,110
2026-01-07,ATL,NOP,ATL,ATL,57.7,42.3,57.7,15.4,True,117,100
2026-01-07,BOS,DEN,BOS,DEN,64.7,35.3,64.7,29.5,False,110,114
2026-01-07,BKN,ORL,ORL,ORL,31.0,69.0,69.0,38.0,True,103,104
2026-01-07,NYK,LAC,LAC,NYK,26.6,73.4,73.4,46.9,False,123,111
2026-01-07,SAS,LAL,SAS,SAS,74.8,25.2,74.8,49.5,True,107,91
2026-01-07,MEM,PHX,PHX,PHX,31.0,69.0,69.0,38.0,True,98,117
2026-01-07,OKC,UTA,OKC,OKC,86.3,13.7,86.3,72.6,True,129,125
2026-01-07,GSW,MIL,GSW,GSW,64.7,35.3,64.7,29.5,True,120,113
2026-01-07,POR,HOU,HOU,POR,26.6,73.4,73.4,46.9,False,103,102
2026-01-08,CHA,IND,CHA,IND,61.9,38.1,61.9,23.8,False,112,114
2026-01-08,MIN,CLE,MIN,MIN,64.7,35.3,64.7,29.5,True,131,122
2026-01-08,UTA,DAL,DAL,UTA,47.6,52.4,52.4,4.9,False,116,114
2026-01-09,BOS,TOR,BOS,BOS,76.7,23.3,76.7,53.3,True,125,117
2026-01-09,ORL,PHI,ORL,PHI,51.3,48.7,51.3,2.5,False,91,103
2026-01-09,WAS,NOP,WAS,NOP,51.3,48.7,51.3,2.5,False,107,128
2026-01-09,BKN,LAC,LAC,LAC,26.9,73.1,73.1,46.1,True,105,121
2026-01-09,MEM,OKC,OKC,OKC,13.3,86.7,86.7,73.3,True,116,117
2026-01-09,DEN,ATL,DEN,ATL,63.1,36.9,63.1,26.2,False,87,110
2026-01-09,PHX,NYK,PHX,PHX,74.9,25.1,74.9,49.7,True,112,107
2026-01-09,GSW,SAC,GSW,GSW,80.4,19.6,80.4,60.7,True,137,103
2026-01-09,POR,HOU,HOU,POR,20.5,79.5,79.5,59.0,False,111,105
2026-01-09,LAL,MIL,LAL,MIL,51.3,48.7,51.3,2.5,False,101,105
2026-01-10,CLE,MIN,MIN,CLE,30.5,69.5,69.5,39.0,False,146,134
2026-01-10,IND,MIA,MIA,IND,30.5,69.5,69.5,39.0,False,123,99
2026-01-10,DET,LAC,DET,LAC,61.3,38.7,61.3,22.6,False,92,98
2026-01-10,BOS,SAS,BOS,SAS,61.3,38.7,61.3,22.6,False,95,100
2026-01-10,CHI,DAL,DAL,CHI,39.8,60.2,60.2,20.5,False,125,107
2026-01-10,UTA,CHA,CHA,CHA,39.8,60.2,60.2,20.5,True,95,150
2026-01-11,ORL,NOP,ORL,ORL,61.3,38.7,61.3,22.6,True,128,118
2026-01-11,MEM,BKN,MEM,MEM,61.3,38.7,61.3,22.6,True,103,98
2026-01-11,TOR,PHI,PHI,TOR,45.8,54.2,54.2,8.3,False,116,115
2026-01-11,POR,NYK,NYK,NYK,39.8,60.2,60.2,20.5,True,114,123
2026-01-11,MIN,SAS,MIN,MIN,61.3,38.7,61.3,22.6,True,104,103
2026-01-11,OKC,MIA,OKC,OKC,83.6,16.4,83.6,67.1,True,124,112
2026-01-11,DEN,MIL,DEN,DEN,61.3,38.7,61.3,22.6,True,108,104
2026-01-11,PHX,WAS,PHX,PHX,83.6,16.4,83.6,67.1,True,112,93
2026-01-11,GSW,ATL,GSW,ATL,74.9,25.1,74.9,49.7,False,111,124
2026-01-11,SAC,HOU,HOU,SAC,13.3,86.7,86.7,73.3,False,111,98
2026-01-12,CLE,UTA,CLE,UTA,83.6,16.4,83.6,67.1,False,112,123
2026-01-12,IND,BOS,BOS,IND,26.9,73.1,73.1,46.1,False,98,96
2026-01-12,TOR,PHI,PHI,PHI,39.8,60.2,60.2,20.5,True,102,115
2026-01-12,DAL,BKN,DAL,DAL,51.3,48.7,51.3,2.5,True,113,105
2026-01-12,SAC,LAL,LAL,SAC,39.8,60.2,60.2,20.5,False,124,112
2026-01-12,LAC,CHA,CHA,LAC,30.5,69.5,69.5,39.0,False,117,109
2026-01-13,MIA,PHX,PHX,MIA,30.5,69.5,69.5,39.0,False,127,121
2026-01-13,HOU,CHI,HOU,HOU,80.4,19.6,80.4,60.7,True,119,113
2026-01-13,MIL,MIN,MIN,MIN,30.5,69.5,69.5,39.0,True,106,139
2026-01-13,NOP,DEN,DEN,DEN,26.9,73.1,73.1,46.1,True,116,122
2026-01-13,OKC,SAS,OKC,OKC,83.6,16.4,83.6,67.1,True,119,98
2026-01-13,LAL,ATL,LAL,LAL,51.3,48.7,51.3,2.5,True,141,116
2026-01-13,GSW,POR,GSW,GSW,80.4,19.6,80.4,60.7,True,119,97
2026-01-14,IND,TOR,IND,TOR,51.3,48.7,51.3,2.5,False,101,115
2026-01-14,PHI,CLE,PHI,CLE,52.4,47.6,52.4,4.9,False,107,133
2026-01-14,CHI,UTA,CHI,CHI,61.3,38.7,61.3,22.6,True,128,126
2026-01-14,NOP,BKN,NOP,NOP,51.3,48.7,51.3,2.5,True,116,113
2026-01-14,DAL,DEN,DEN,DEN,26.9,73.1,73.1,46.1,True,109,118
2026-01-14,SAC,NYK,NYK,SAC,21.1,78.9,78.9,57.9,False,112,101
2026-01-14,LAC,WAS,LAC,LAC,83.6,16.4,83.6,67.1,True,119,105
2026-01-15,DET,PHX,DET,DET,74.9,25.1,74.9,49.7,True,108,105
2026-01-15,MIA,BOS,BOS,BOS,26.9,73.1,73.1,46.1,True,114,119
2026-01-15,HOU,OKC,OKC,OKC,26.9,73.1,73.1,46.1,True,91,111
2026-01-15,SAS,MIL,SAS,SAS,74.9,25.1,74.9,49.7,True,119,101
2026-01-15,DAL,UTA,DAL,DAL,61.3,38.7,61.3,22.6,True,144,122
2026-01-15,GSW,NYK,GSW,GSW,73.3,26.7,73.3,46.5,True,126,113
2026-01-15,POR,ATL,ATL,POR,28.9,71.1,71.1,42.2,False,117,101
2026-01-15,LAL,CHA,CHA,CHA,26.5,73.5,73.5,47.0,True,117,135
2026-01-16,BKN,CHI,CHI,BKN,47.2,52.8,52.8,5.6,False,112,109
2026-01-16,IND,NOP,IND,IND,62.5,37.5,62.5,25.0,True,127,119
2026-01-16,PHI,CLE,CLE,CLE,47.2,52.8,52.8,5.6,True,115,117
2026-01-16,TOR,LAC,LAC,LAC,28.9,71.1,71.1,42.2,True,117,121
2026-01-16,HOU,MIN,MIN,HOU,26.5,73.5,73.5,47.0,False,110,105
2026-01-16,SAC,WAS,SAC,SAC,80.6,19.4,80.6,61.3,True,128,115
2026-01-17,DAL,UTA,DAL,DAL,53.1,46.9,53.1,6.3,True,138,120
2026-01-17,ATL,BOS,BOS,BOS,35.4,64.6,64.6,29.2,True,106,132
2026-01-17,DET,IND,DET,DET,75.0,25.0,75.0,50.0,True,121,78
2026-01-17,NYK,PHX,NYK,PHX,61.6,38.4,61.6,23.2,False,99,106
2026-01-17,MIA,OKC,OKC,MIA,10.6,89.4,89.4,78.7,False,122,120
2026-01-17,SAS,MIN,MIN,SAS,47.2,52.8,52.8,5.6,False,126,123
2026-01-17,GSW,CHA,CHA,GSW,47.2,52.8,52.8,5.6,False,136,116
2026-01-17,DEN,WAS,DEN,DEN,84.0,16.0,84.0,68.0,True,121,115
2026-01-17,POR,LAL,POR,POR,53.1,46.9,53.1,6.3,True,132,116
2026-01-18,CHI,BKN,CHI,CHI,61.6,38.4,61.6,23.2,True,124,102
2026-01-18,HOU,NOP,HOU,HOU,73.3,26.7,73.3,46.5,True,119,110
2026-01-18,DEN,CHA,CHA,CHA,28.9,71.1,71.1,42.2,True,87,110
2026-01-18,SAC,POR,SAC,POR,61.6,38.4,61.6,23.2,False,110,117
2026-01-18,LAL,TOR,TOR,LAL,47.2,52.8,52.8,5.6,False,110,93
2026-01-19,ATL,MIL,MIL,MIL,47.2,52.8,52.8,5.6,True,110,112
2026-01-19,CLE,OKC,OKC,OKC,26.5,73.5,73.5,47.0,True,104,136
2026-01-19,NYK,DAL,DAL,DAL,47.2,52.8,52.8,5.6,True,97,114
2026-01-19,DET,BOS,DET,DET,62.5,37.5,62.5,25.0,True,104,103
2026-01-19,WAS,LAC,LAC,LAC,26.5,73.5,73.5,47.0,True,106,110
2026-01-19,PHI,IND,PHI,PHI,73.3,26.7,73.3,46.5,True,113,104
2026-01-19,BKN,PHX,PHX,PHX,26.5,73.5,73.5,47.0,True,117,126
2026-01-19,SAS,UTA,SAS,SAS,80.6,19.4,80.6,61.3,True,123,110
2026-01-19,GSW,MIA,GSW,GSW,62.5,37.5,62.5,25.0,True,135,112
2026-01-20,PHI,PHX,PHX,PHX,47.2,52.8,52.8,5.6,True,110,116
2026-01-20,CHI,LAC,LAC,CHI,47.2,52.8,52.8,5.6,False,138,110
2026-01-20,HOU,SAS,HOU,HOU,61.6,38.4,61.6,23.2,True,111,106
2026-01-20,UTA,MIN,MIN,UTA,10.6,89.4,89.4,78.7,False,127,122
2026-01-20,DEN,LAL,DEN,LAL,62.5,37.5,62.5,25.0,False,107,115
2026-01-20,GSW,TOR,GSW,TOR,75.0,25.0,75.0,50.0,False,127,145
2026-01-20,SAC,MIA,MIA,MIA,47.2,52.8,52.8,5.6,True,117,130
2026-01-21,CHA,CLE,CHA,CLE,62.5,37.5,62.5,25.0,False,87,94
2026-01-21,BOS,IND,BOS,BOS,75.0,25.0,75.0,50.0,True,119,104
2026-01-21,NYK,BKN,NYK,NYK,62.5,37.5,62.5,25.0,True,120,66
2026-01-21,MEM,ATL,MEM,ATL,62.5,37.5,62.5,25.0,False,122,124
2026-01-21,NOP,DET,DET,DET,10.6,89.4,89.4,78.7,True,104,112
2026-01-21,MIL,OKC,OKC,OKC,10.6,89.4,89.4,78.7,True,102,122
2026-01-21,SAC,TOR,TOR,TOR,28.9,71.1,71.1,42.2,True,109,122
2026-01-22,ORL,CHA,CHA,CHA,38.1,61.9,61.9,23.8,True,97,124
2026-01-22,PHI,HOU,PHI,PHI,53.1,46.9,53.1,6.3,True,128,122
2026-01-22,WAS,DEN,DEN,DEN,26.5,73.5,73.5,47.0,True,97,107
2026-01-22,DAL,GSW,GSW,DAL,38.1,61.9,61.9,23.8,False,123,115
2026-01-22,MIN,CHI,MIN,CHI,70.9,29.1,70.9,41.8,False,115,120
2026-01-22,UTA,SAS,SAS,SAS,24.4,75.6,75.6,51.2,True,109,126
2026-01-22,LAC,LAL,LAC,LAC,61.9,38.1,61.9,23.8,True,112,104
2026-01-22,POR,MIA,POR,POR,61.9,38.1,61.9,23.8,True,127,110
2026-01-23,DET,HOU,DET,HOU,61.9,38.1,61.9,23.8,False,104,111
2026-01-23,ATL,PHX,PHX,ATL,37.7,62.3,62.3,24.6,False,110,103
2026-01-23,BKN,BOS,BOS,BOS,11.5,88.5,88.5,76.9,True,126,130
2026-01-23,CLE,SAC,CLE,CLE,61.9,38.1,61.9,23.8,True,123,118
2026-01-23,MEM,NOP,MEM,NOP,70.9,29.1,70.9,41.8,False,127,133
2026-01-23,MIL,DEN,DEN,DEN,37.7,62.3,62.3,24.6,True,100,102
2026-01-23,OKC,IND,OKC,IND,87.0,13.0,87.0,73.9,False,114,117
2026-01-23,POR,TOR,POR,TOR,50.7,49.3,50.7,1.4,False,98,110
2026-01-24,PHI,NYK,PHI,NYK,50.7,49.3,50.7,1.4,False,109,112
2026-01-24,CHA,WAS,CHA,CHA,83.4,16.6,83.4,66.9,True,119,115
2026-01-24,ORL,CLE,CLE,CLE,39.5,60.5,60.5,20.9,True,105,119
2026-01-24,CHI,BOS,BOS,CHI,40.3,59.7,59.7,19.4,False,114,111
2026-01-24,DAL,LAL,DAL,LAL,61.9,38.1,61.9,23.8,False,110,116
2026-01-24,UTA,MIA,MIA,MIA,40.3,59.7,59.7,19.4,True,116,147
2026-01-25,MIN,GSW,MIN,GSW,50.7,49.3,50.7,1.4,False,85,111
2026-01-25,DET,SAC,DET,DET,61.9,38.1,61.9,23.8,True,139,116
2026-01-25,OKC,TOR,OKC,TOR,83.4,16.6,83.4,66.9,False,101,103
2026-01-25,SAS,NOP,SAS,NOP,77.3,22.7,77.3,54.5,False,95,104
2026-01-25,PHX,MIA,PHX,MIA,70.9,29.1,70.9,41.8,False,102,111
2026-01-25,LAC,BKN,LAC,LAC,75.6,24.4,75.6,51.1,True,126,89
2026-01-26,CHA,PHI,CHA,CHA,61.9,38.1,61.9,23.8,True,130,93
2026-01-26,CLE,ORL,CLE,CLE,61.9,38.1,61.9,23.8,True,114,98
2026-01-26,ATL,IND,ATL,ATL,61.9,38.1,61.9,23.8,True,132,116
2026-01-26,BOS,POR,BOS,BOS,70.9,29.1,70.9,41.8,True,102,94
2026-01-26,CHI,LAL,CHI,LAL,61.9,38.1,61.9,23.8,False,118,129
2026-01-26,HOU,MEM,HOU,HOU,75.6,24.4,75.6,51.1,True,108,99
2026-01-26,MIN,GSW,GSW,MIN,40.3,59.7,59.7,19.4,False,108,83
2026-01-27,WAS,POR,WAS,WAS,50.7,49.3,50.7,1.4,True,115,111
2026-01-27,NYK,SAC,NYK,NYK,61.9,38.1,61.9,23.8,True,103,87
2026-01-27,PHI,MIL,MIL,PHI,40.3,59.7,59.7,19.4,False,139,122
2026-01-27,OKC,NOP,OKC,OKC,83.4,16.6,83.4,66.9,True,104,95
2026-01-27,DEN,DET,DET,DET,36.4,63.6,63.6,27.3,True,107,109
2026-01-27,PHX,BKN,PHX,PHX,83.4,16.6,83.4,66.9,True,106,102
2026-01-27,UTA,LAC,LAC,LAC,30.6,69.4,69.4,38.8,True,103,115
2026-01-28,CLE,LAL,CLE,CLE,61.9,38.1,61.9,23.8,True,129,99
2026-01-28,IND,CHI,CHI,IND,24.4,75.6,75.6,51.2,False,113,110
2026-01-28,BOS,ATL,BOS,ATL,61.9,38.1,61.9,23.8,False,106,117
2026-01-28,MIA,ORL,MIA,ORL,77.3,22.7,77.3,54.5,False,124,133
2026-01-28,TOR,NYK,TOR,NYK,70.9,29.1,70.9,41.8,False,92,119
2026-01-28,MEM,CHA,CHA,CHA,24.4,75.6,75.6,51.2,True,97,112
2026-01-28,DAL,MIN,DAL,MIN,53.3,46.7,53.3,6.6,False,105,118
2026-01-28,UTA,GSW,GSW,GSW,24.4,75.6,75.6,51.2,True,124,140
2026-01-28,HOU,SAS,SAS,SAS,49.8,50.2,50.2,0.4,True,99,111
2026-01-29,CHI,MIA,CHI,MIA,61.9,38.1,61.9,23.8,False,113,116
2026-01-29,PHI,SAC,PHI,PHI,61.9,38.1,61.9,23.8,True,113,111
2026-01-29,WAS,MIL,MIL,WAS,40.3,59.7,59.7,19.4,False,109,99
2026-01-29,ATL,HOU,HOU,HOU,37.8,62.2,62.2,24.4,True,86,104
2026-01-29,DAL,CHA,CHA,CHA,26.7,73.3,73.3,46.6,True,121,123
2026-01-29,DEN,BKN,DEN,DEN,66.5,33.5,66.5,33.0,True,107,103
2026-01-29,PHX,DET,DET,PHX,46.8,53.2,53.2,6.4,False,114,96
2026-01-29,MIN,OKC,OKC,MIN,26.7,73.3,73.3,46.6,False,123,111
2026-01-30,ORL,TOR,TOR,ORL,46.8,53.2,53.2,6.4,False,130,120
2026-01-30,WAS,LAL,LAL,LAL,46.5,53.5,53.5,7.0,True,111,142
2026-01-30,BOS,SAC,BOS,BOS,66.5,33.5,66.5,33.0,True,112,93
2026-01-30,NYK,POR,NYK,NYK,71.4,28.6,71.4,42.9,True,127,97
2026-01-30,NOP,MEM,MEM,NOP,37.8,62.2,62.2,24.4,False,114,106
2026-01-30,PHX,CLE,PHX,PHX,57.4,42.6,57.4,14.8,True,126,113
2026-01-30,UTA,BKN,UTA,BKN,56.8,43.2,56.8,13.6,False,99,109
2026-01-30,DEN,LAC,LAC,DEN,26.7,73.3,73.3,46.6,False,122,109
2026-01-30,GSW,DET,DET,DET,46.8,53.2,53.2,6.4,True,124,131
2026-01-31,MIA,CHI,MIA,CHI,56.8,43.2,56.8,13.6,False,118,125
2026-01-31,CHA,SAS,CHA,CHA,56.8,43.2,56.8,13.6,True,111,106
2026-01-31,IND,ATL,ATL,IND,37.8,62.2,62.2,24.4,False,129,124
2026-01-31,PHI,NOP,PHI,PHI,64.9,35.1,64.9,29.8,True,124,114
2026-01-31,MEM,MIN,MIN,MIN,26.7,73.3,73.3,46.6,True,114,131
2026-01-31,HOU,DAL,HOU,HOU,57.4,42.6,57.4,14.8,True,111,107
2026-02-01,BOS,MIL,BOS,BOS,80.0,20.0,80.0,60.0,True,107,79
2026-02-01,SAS,ORL,SAS,SAS,66.5,33.5,66.5,33.0,True,112,103
2026-02-01,DET,BKN,DET,DET,76.3,23.7,76.3,52.6,True,130,77
2026-02-01,MIA,CHI,MIA,MIA,56.8,43.2,56.8,13.6,True,134,91
2026-02-01,TOR,UTA,TOR,TOR,71.2,28.8,71.2,42.4,True,107,100
2026-02-01,WAS,SAC,WAS,WAS,56.8,43.2,56.8,13.6,True,116,112
2026-02-01,NYK,LAL,NYK,NYK,71.2,28.8,71.2,42.4,True,112,100
2026-02-01,PHX,LAC,PHX,LAC,57.4,42.6,57.4,14.8,False,93,117
2026-02-01,POR,CLE,CLE,CLE,26.7,73.3,73.3,46.6,True,111,130
2026-02-01,DEN,OKC,OKC,OKC,2.0,98.0,98.0,96.0,True,111,121
2026-02-02,CHA,NOP,CHA,CHA,80.0,20.0,80.0,60.0,True,102,95
2026-02-02,IND,HOU,HOU,HOU,26.7,73.3,73.3,46.6,True,114,118
2026-02-02,MEM,MIN,MIN,MEM,26.7,73.3,73.3,46.6,False,137,128
2026-02-02,LAC,PHI,LAC,PHI,64.9,35.1,64.9,29.8,False,113,128
2026-02-03,DET,DEN,DET,DET,80.0,20.0,80.0,60.0,True,124,121
2026-02-03,IND,UTA,IND,UTA,64.9,35.1,64.9,29.8,False,122,131
2026-02-03,WAS,NYK,NYK,NYK,17.8,82.2,82.2,64.4,True,101,132
2026-02-03,BKN,LAL,LAL,LAL,26.7,73.3,73.3,46.6,True,109,125
2026-02-03,MIA,ATL,MIA,ATL,71.2,28.8,71.2,42.4,False,115,127
2026-02-03,DAL,BOS,BOS,BOS,26.7,73.3,73.3,46.6,True,100,110
2026-02-03,MIL,CHI,CHI,MIL,26.7,73.3,73.3,46.6,False,131,115
2026-02-03,OKC,ORL,OKC,OKC,80.0,20.0,80.0,60.0,True,128,92
2026-02-03,GSW,PHI,GSW,PHI,57.4,42.6,57.4,14.8,False,94,113
2026-02-03,POR,PHX,PHX,PHX,37.8,62.2,62.2,24.4,True,125,130
2026-02-04,NYK,DEN,NYK,NYK,71.2,28.8,71.2,42.4,True,134,127
2026-02-04,TOR,MIN,MIN,MIN,26.7,73.3,73.3,46.6,True,126,128
2026-02-04,HOU,BOS,BOS,BOS,26.7,73.3,73.3,46.6,True,93,114
2026-02-04,MIL,NOP,NOP,MIL,37.8,62.2,62.2,24.4,False,141,137
2026-02-04,SAS,OKC,OKC,SAS,26.7,73.3,73.3,46.6,False,116,106
2026-02-04,SAC,MEM,SAC,MEM,56.8,43.2,56.8,13.6,False,125,129
2026-02-04,LAC,CLE,CLE,CLE,46.0,54.0,54.0,8.0,True,91,124
2026-02-05,DET,WAS,DET,WAS,88.9,11.1,88.9,77.8,False,117,126
2026-02-05,ORL,BKN,ORL,ORL,68.3,31.7,68.3,36.6,True,118,98
2026-02-05,ATL,UTA,ATL,ATL,63.9,36.1,63.9,27.8,True,121,119
2026-02-05,TOR,CHI,TOR,TOR,68.3,31.7,68.3,36.6,True,123,107
2026-02-05,HOU,CHA,CHA,CHA,46.0,54.0,54.0,8.0,True,99,109
2026-02-05,DAL,SAS,SAS,SAS,28.8,71.2,71.2,42.4,True,123,135
2026-02-05,PHX,GSW,PHX,GSW,57.0,43.0,57.0,13.9,False,97,101
2026-02-05,LAL,PHI,LAL,LAL,57.0,43.0,57.0,13.9,True,119,115
2026-02-06,BOS,MIA,BOS,BOS,57.0,43.0,57.0,13.9,True,98,96
2026-02-06,DET,NYK,DET,DET,52.8,47.2,52.8,5.6,True,118,80
2026-02-06,MIL,IND,MIL,MIL,52.8,47.2,52.8,5.6,True,105,99
2026-02-06,MIN,NOP,MIN,NOP,68.3,31.7,68.3,36.6,False,115,119
2026-02-06,POR,MEM,POR,POR,57.0,43.0,57.0,13.9,True,135,115
2026-02-06,SAC,LAC,LAC,LAC,46.0,54.0,54.0,8.0,True,111,114
2026-02-07,BKN,WAS,WAS,BKN,46.0,54.0,54.0,8.0,False,127,113
2026-02-07,OKC,HOU,OKC,HOU,81.7,18.3,81.7,63.4,False,106,112
2026-02-07,SAS,DAL,SAS,SAS,61.2,38.8,61.2,22.4,True,138,125
2026-02-07,ORL,UTA,ORL,ORL,63.9,36.1,63.9,27.8,True,120,117
2026-02-07,ATL,CHA,CHA,CHA,26.3,73.7,73.7,47.5,True,119,126
2026-02-07,CHI,DEN,DEN,DEN,46.0,54.0,54.0,8.0,True,120,136
2026-02-07,LAL,GSW,LAL,LAL,63.9,36.1,63.9,27.8,True,105,99
2026-02-07,PHX,PHI,PHI,PHI,46.0,54.0,54.0,8.0,True,103,109
2026-02-07,POR,MEM,POR,POR,57.0,43.0,57.0,13.9,True,122,115
2026-02-07,SAC,CLE,CLE,CLE,11.1,88.9,88.9,77.8,True,126,132
2026-02-08,BOS,NYK,BOS,NYK,57.0,43.0,57.0,13.9,False,89,111
2026-02-08,WAS,MIA,MIA,MIA,26.3,73.7,73.7,47.5,True,101,132
2026-02-08,TOR,IND,TOR,TOR,72.5,27.5,72.5,44.9,True,122,104
2026-02-08,MIN,LAC,MIN,LAC,74.1,25.9,74.1,48.1,False,96,115
2026-02-09,CHA,DET,CHA,DET,55.8,44.2,55.8,11.7,False,104,110
2026-02-09,BKN,CHI,CHI,BKN,46.0,54.0,54.0,8.0,False,123,115
2026-02-09,MIA,UTA,MIA,UTA,63.9,36.1,63.9,27.8,False,111,115
2026-02-09,ORL,MIL,ORL,ORL,61.2,38.8,61.2,22.4,True,118,99
2026-02-09,MIN,ATL,MIN,MIN,81.7,18.3,81.7,63.4,True,138,116
2026-02-09,NOP,SAC,SAC,NOP,46.0,54.0,54.0,8.0,False,120,94
2026-02-09,DEN,CLE,CLE,CLE,26.3,73.7,73.7,47.5,True,117,119
2026-02-09,GSW,MEM,GSW,GSW,68.3,31.7,68.3,36.6,True,114,113
2026-02-09,LAL,OKC,OKC,OKC,26.3,73.7,73.7,47.5,True,110,119
2026-02-09,POR,PHI,PHI,POR,28.8,71.2,71.2,42.4,False,135,118
2026-02-10,NYK,IND,NYK,IND,81.7,18.3,81.7,63.4,False,134,137
2026-02-10,HOU,LAC,HOU,HOU,63.9,36.1,63.9,27.8,True,102,95
2026-02-10,PHX,DAL,PHX,PHX,57.0,43.0,57.0,13.9,True,120,111
2026-02-10,LAL,SAS,SAS,SAS,46.0,54.0,54.0,8.0,True,108,136
2026-02-11,CHA,ATL,CHA,CHA,81.7,18.3,81.7,63.4,True,110,107
2026-02-11,CLE,WAS,CLE,CLE,81.7,18.3,81.7,63.4,True,138,113
2026-02-11,ORL,MIL,ORL,MIL,57.0,43.0,57.0,13.9,False,108,116
2026-02-11,BOS,CHI,BOS,BOS,81.7,18.3,81.7,63.4,True,124,105
2026-02-11,BKN,IND,BKN,IND,52.8,47.2,52.8,5.6,False,110,115
2026-02-11,PHI,NYK,NYK,NYK,26.3,73.7,73.7,47.5,True,89,138
2026-02-11,TOR,DET,DET,DET,26.3,73.7,73.7,47.5,True,95,113
2026-02-11,HOU,LAC,HOU,LAC,51.7,48.3,51.7,3.4,False,102,105
2026-02-11,MIN,POR,MIN,MIN,81.2,18.8,81.2,62.4,True,133,109
2026-02-11,NOP,MIA,MIA,MIA,27.3,72.7,72.7,45.3,True,111,123
2026-02-11,PHX,OKC,OKC,OKC,29.7,70.3,70.3,40.6,True,109,136
2026-02-11,UTA,SAC,UTA,UTA,57.2,42.8,57.2,14.4,True,121,93
2026-02-11,DEN,MEM,DEN,DEN,57.2,42.8,57.2,14.4,True,122,116
2026-02-11,GSW,SAS,SAS,SAS,27.3,72.7,72.7,45.3,True,113,126
2026-02-12,OKC,MIL,OKC,MIL,81.2,18.8,81.2,62.4,False,93,110
2026-02-12,UTA,POR,UTA,POR,65.0,35.0,65.0,30.1,False,119,135
2026-02-12,LAL,DAL,LAL,LAL,51.7,48.3,51.7,3.4,True,124,104
